election,year,office,region,candidate,party,votes,vote_share_pct,elected
7th_local,2018,부산시장,부산전체,오거돈,더불어민주당,940469,55.23,Y
7th_local,2018,부산시장,부산전체,서병수,자유한국당,632806,37.16,N
7th_local,2018,북구청장,부산북구,정명희,더불어민주당,84363,56.50,Y
7th_local,2018,북구청장,부산북구,황재관,자유한국당,58947,39.48,N
7th_local,2018,북구청장,부산북구,신오동,민주평화당,6004,4.02,N
8th_local,2022,부산시장,부산전체,박형준,국민의힘,938601,66.36,Y
8th_local,2022,부산시장,부산전체,변성완,더불어민주당,455901,32.23,N
8th_local,2022,북구청장,부산북구,오태원,국민의힘,70535,57.03,Y
8th_local,2022,북구청장,부산북구,정명희,더불어민주당,53140,42.96,N
